Id,BIRTHDATE,DEATHDATE,SSN,DRIVERS,PASSPORT,PREFIX,FIRST,MIDDLE,LAST,SUFFIX,MAIDEN,MARITAL,RACE,ETHNICITY,GENDER,BIRTHPLACE,ADDRESS,CITY,STATE,COUNTY,FIPS,ZIP,LAT,LON,HEALTHCARE_EXPENSES,HEALTHCARE_COVERAGE,INCOME
f19b9cae-0ea7-2d51-f2c5-946d448992a5,2020-01-15,,999-65-3365,,,,Erick204,Nicolas769,Stark857,,,,white,nonhispanic,M,Chelmsford  Massachusetts  US,966 Ortiz Park,Quincy,Massachusetts,Norfolk County,25021,02171,42.27314158733628,-71.05310893800056,4047.16,5278.91,31892
4cdd696b-7a6c-dffe-b1ba-66b561ddf55d,1993-10-10,,999-92-4099,S99922748,X87859644X,Mr.,Elwood28,Dario75,Klocko335,,,S,white,nonhispanic,M,Brookline  Massachusetts  US,1087 Walter Frontage road,Amesbury,Massachusetts,Essex County,25009,01913,42.82560631679709,-70.9567649976331,49458.46,35754.23,85561
2230008d-767a-e6bb-a12f-47361158ae16,1980-02-29,,999-23-3484,S99931870,X55853975X,Mrs.,Scarlett814,Dyan186,Cronin387,,Little434,W,white,nonhispanic,F,Revere  Massachusetts  US,206 Green Vale,Braintree,Massachusetts,Norfolk County,25021,02184,42.246404007369115,-70.97249538038159,167999.42,309913.70,131899
e18a2f81-3870-eabf-dd21-8d9bcf87361b,2015-04-18,,999-42-9123,,,,Gregory545,Eliseo499,Greenholt190,,,,white,nonhispanic,M,Quincy  Massachusetts  US,291 Krajcik Spur,New Bedford,Massachusetts,Bristol County,25005,02740,41.602433399201146,-70.919063657892,2602.58,57929.92,18491
cbd98cb4-5a3a-1c20-7d4c-5842206c3b3f,1977-11-04,,999-13-7294,S99987596,X47556351X,Mrs.,Theresa98,Vania595,Ferry570,,Champlin946,M,white,nonhispanic,F,North Attleborough  Massachusetts  US,313 Bosco Bridge,Pepperell,Massachusetts,Middlesex County,25017,01463,42.71459328223642,-71.60742163720856,340943.34,197539.35,66229
13a674ff-e2f7-06ad-461b-e4087dcedbd4,2021-04-05,,999-21-2930,,,,Theo630,Harley673,Stroman228,,,,white,nonhispanic,M,Medford  Massachusetts  US,810 Bergnaum Stravenue,Barnstable,Massachusetts,Barnstable County,25001,02675,41.678285887272345,-70.28459746472491,8837.38,0.00,50296
b1642e40-260b-d469-42ad-99446e63d7a6,1992-04-16,,999-45-1743,S99961804,X05678779X,Mrs.,Phyllis779,Tamatha836,Effertz744,,Windler79,M,white,nonhispanic,F,Hull  Massachusetts  US,939 Bergnaum Route,Watertown,Massachusetts,Middlesex County,25017,02472,42.33412197786222,-71.15020146801119,183638.79,615601.02,36027
2434053a-d804-4d42-962d-47615b78a1c9,1927-08-26,,999-60-2784,S99936138,X42753838X,Mrs.,Yael855,Ivana95,Von197,,Mann644,M,white,nonhispanic,F,Canton  Massachusetts  US,268 Cartwright Gate,Winchester,Massachusetts,Middlesex County,25017,01890,42.42062885618877,-71.13390987616924,252166.30,895379.41,209394
d24ae93c-ef3e-7648-91cc-f8f05a60c866,1965-08-12,,999-27-7738,S99999197,X95574689X,Mrs.,Sebrina910,Stephany248,Denesik803,,Daugherty69,M,white,nonhispanic,F,Abington  Massachusetts  US,276 Casper Gate Unit 28,Brookfield,Massachusetts,Worcester County,25027,01506,42.22614343131003,-72.11687102358103,591968.83,300378.23,95702
eec13363-c6e9-a26d-3750-814976e54a24,1967-01-08,2013-04-06,999-99-8896,S99992385,X95239013X,Mr.,Sylvester827,Hubert238,Denesik803,,,S,white,nonhispanic,M,Groton  Massachusetts  US,964 Hirthe Ferry,Chicopee,Massachusetts,Hampden County,25013,01013,42.1385623457791,-72.56657014580341,111563.82,5070.94,82956
2f72e25c-fbfa-4b6d-8061-c74714cfe7c9,1957-07-25,,999-65-5759,S99923288,X00357171X,Mrs.,Fae378,Calista635,Kuhlman484,,Pollich983,M,white,nonhispanic,F,Weymouth  Massachusetts  US,129 Stracke Vista Apt 58,Haverhill,Massachusetts,Essex County,25009,01832,42.766410111050654,-71.07454729117222,209854.40,281550.40,28727
365dc87a-536c-ee7e-c7bf-895a948b921b,1969-10-02,,999-87-4792,S99931773,X74876702X,Mrs.,Ivette731,,Prohaska837,,Rohan584,M,white,nonhispanic,F,Framingham  Massachusetts  US,1013 Vandervort Club,Attleboro,Massachusetts,Bristol County,25005,02703,41.92246719434334,-71.30929391826142,248658.48,414498.79,376139
2b36f57a-794a-fa75-471c-92140390fcc1,1962-09-24,,999-44-5959,S99910352,X13796761X,Mrs.,Terra840,,Abbott774,,Schinner682,M,white,nonhispanic,F,Acton  Massachusetts  US,399 Kuhn Grove Suite 71,Middleborough,Massachusetts,Plymouth County,,00000,41.91333508981772,-70.83505194524585,19115.40,1417903.14,7029
614a47b6-d032-6975-e85b-28c384c6c3ff,1974-08-01,,999-15-4550,S99949388,X96924062X,Mr.,Phillip440,,Champlin946,,,M,white,nonhispanic,M,Peabody  Massachusetts  US,901 Abshire Quay Unit 30,Worcester,Massachusetts,Worcester County,25027,01583,42.28537976854536,-71.87387432965143,35849.94,162744.93,875139
4b732c6e-10df-885f-1d17-253050ced633,1976-02-22,,999-18-5639,S99945651,X43910496X,Mr.,Myron933,Wm806,Shanahan202,,,D,black,nonhispanic,M,Pittsfield  Massachusetts  US,710 Brakus Approach Apt 66,Everett,Massachusetts,Middlesex County,25017,02149,42.37340788721224,-71.04874115042803,123919.63,38244.24,61636
c517c0ee-88b4-016d-3af5-0b2011fdd497,1965-07-05,,999-24-3636,S99965681,X74812648X,Mrs.,Myra819,,Williamson769,,Price929,M,white,nonhispanic,F,Lowell  Massachusetts  US,588 Toy Drive Unit 16,Lynn,Massachusetts,Essex County,25009,01906,42.47762370504622,-70.92129546209138,183738.31,632359.68,182392
5e816607-ff3f-8bc7-7f53-8f272a88f9a4,1967-07-01,1970-07-24,999-37-5851,,,,Roderick835,Sanford861,Hartmann983,,,,white,nonhispanic,M,Halifax  Massachusetts  US,489 Dicki Path,Plympton,Massachusetts,Plymouth County,,00000,41.99044818159065,-70.78604687572664,8321.58,53749.06,82756
2828dcbb-423e-b426-33c7-2554bd6cd969,1987-04-17,,999-44-1084,S99997787,X88157101X,Mr.,Miles206,Dewayne363,Kshlerin58,,,M,white,nonhispanic,M,Boston  Massachusetts  US,669 Shields Underpass Unit 44,New Bedford,Massachusetts,Bristol County,25005,02746,41.59988285978001,-70.90760205297093,135793.50,0.00,101170
2f1fe0ea-bdc3-3a60-5c66-6c5feabf63ae,1967-01-08,,999-88-1558,S99988449,X78697452X,Mr.,Reyes140,Dominique369,Leffler128,,,D,white,nonhispanic,M,Seekonk  Massachusetts  US,140 Bogisich Meadow Apt 77,Chicopee,Massachusetts,Hampden County,25013,01020,42.210664902047924,-72.53278998678124,487734.33,249038.25,82956
6eda9d4c-6a52-d876-6690-bc8d756d32aa,2011-07-27,,999-50-2703,,,,Kendall673,,Ritchie586,,,,white,nonhispanic,M,Charlton  Massachusetts  US,922 Berge Approach,Wendell,Massachusetts,Franklin County,,00000,42.54967181346134,-72.45565499308692,24719.46,21918.32,71
f3f81cf2-e42b-6dc3-5d7c-d64bde2089a1,1960-10-09,,999-79-9692,S99925901,X30568115X,Mrs.,Madonna830,Desirae249,Lind531,,O'Conner199,M,white,hispanic,F,Leominster  Massachusetts  US,790 Grady Dam Apt 18,Melrose,Massachusetts,Middlesex County,25017,02176,42.42680777160018,-71.06944838505976,22668.07,1428863.20,20589
7eee577a-61f3-06c3-a35d-315e0fb43b9a,2022-01-14,,999-15-6042,,,,Lynsey2,,Ortiz186,,,,white,hispanic,F,Boston  Massachusetts  US,1043 Sawayn Vale Unit 49,Northbridge,Massachusetts,Worcester County,,00000,42.13724550622801,-71.6103495996168,6766.49,5860.69,170167
b534e79e-957a-baab-93e9-51efa2cac85b,2009-08-04,,999-77-4214,S99926410,,,Venita81,Vikki110,Bogan287,,,,white,nonhispanic,F,Beverly  Massachusetts  US,1027 Fahey Dale,Provincetown,Massachusetts,Barnstable County,25001,02657,42.0516600165307,-70.14973717929556,3110.19,62782.01,21268
071b18be-84a3-86cf-5ff7-98799d44e507,2020-05-28,,999-95-2906,,,,Cory323,Tad831,Cummings51,,,,white,nonhispanic,M,Saugus  Massachusetts  US,836 Corwin Parade,Cambridge,Massachusetts,Middlesex County,25017,02142,42.33307294491418,-71.15986525560193,14571.95,0.00,53058
f1724299-f215-b78f-d863-217ed16a1193,2015-01-21,,999-24-8137,,,,Marshall526,,Schoen8,,,,white,nonhispanic,M,Rockland  Massachusetts  US,193 Reinger Neck Apt 35,Boston,Massachusetts,Suffolk County,25025,02118,42.39568840292414,-71.03025071883155,29462.60,2481.10,193514
4dea7bd2-a4aa-7454-7056-4b70778fbcab,2025-08-09,,999-56-9881,,,,Lourdes258,Roselia779,Schiller186,,,,white,nonhispanic,F,Somerville  Massachusetts  US,946 Gislason Vista,Halifax,Massachusetts,Plymouth County,,00000,42.01149560353563,-70.83849570631865,3998.87,0.00,51090
e156fee7-8873-ecd0-daa3-9ce741d30865,1992-02-10,,999-83-7786,S99935727,X08941488X,Ms.,Loria303,,Walter473,,,S,white,nonhispanic,F,Waltham  Massachusetts  US,167 Will Frontage road Unit 83,Springfield,Massachusetts,Hampden County,25013,01105,42.16147885419916,-72.5305779285706,11706.74,291852.88,4582
f31cd654-ee80-8437-32d8-63afd7c3123a,1983-10-18,,999-68-2391,S99997215,X72264483X,Mrs.,Genevieve884,,Pfeffer420,,Moen819,M,white,nonhispanic,F,Wellesley  Massachusetts  US,410 Kilback Brook,Somerville,Massachusetts,Middlesex County,25017,02144,42.42366518767863,-71.08089652006126,180000.31,538083.88,981530
381d4a6a-695b-2f73-a97c-5a14b9f19608,1967-07-01,2025-09-02,999-33-8128,S99982067,X83620503X,Mr.,Huey641,Andreas188,Bashirian201,,,S,white,nonhispanic,M,Cohasset  Massachusetts  US,722 Greenholt Overpass,Plympton,Massachusetts,Plymouth County,,00000,41.91658250453557,-70.82228868303403,118014.87,94984.90,82756
73bb292c-a21b-3a77-87f9-7029a37fadd9,1955-05-20,,999-79-1193,S99974895,X65300822X,Mrs.,Glennis930,Rosann381,Barton704,,Sanford861,M,hawaiian,nonhispanic,F,Tyngsborough  Massachusetts  US,1001 Moore Road Suite 61,Abington,Massachusetts,Plymouth County,25023,02351,42.15316113997254,-70.9484378195123,856338.00,629643.30,65031
f4330273-be0c-2edf-2b4e-78bd87b98ee9,2020-04-03,,999-94-8636,,,,Zachary28,Beau391,Blanda868,,,,white,nonhispanic,M,Shrewsbury  Massachusetts  US,736 Watsica Quay,Leominster,Massachusetts,Worcester County,25027,01420,42.566050874117366,-71.72937579686602,14872.97,124.97,99169
96edc2f8-2157-4d51-c848-dbd1ba488d0f,1966-11-25,,999-61-5253,S99932377,X27353274X,Mr.,Normand813,,Haag279,,,M,white,nonhispanic,M,Somerset  Massachusetts  US,1079 Bailey Flat,Dover,Massachusetts,Norfolk County,25021,02030,42.23772921214311,-71.33236619743533,282570.87,558723.46,186172
b5266989-91c2-f33b-d80d-738ed6279dda,1951-11-19,,999-35-8187,S99985917,X85313476X,Mr.,Hoyt490,Numbers230,Kerluke267,,,S,white,nonhispanic,M,Brockton  Massachusetts  US,754 Wilderman Hollow Unit 6,Dedham,Massachusetts,Norfolk County,25021,02026,42.27730708847041,-71.15093703425421,271733.71,174540.64,50054
b7d53574-b088-46d0-2ce7-2384ca8fef17,1949-06-21,,999-86-6150,S99938006,X18743918X,Mrs.,Laurence43,Viki353,Barrows492,,Bosco882,M,white,nonhispanic,F,Faro  Algarve  PT,312 Fay Ramp,Cambridge,Massachusetts,Middlesex County,25017,02141,42.36892900554098,-71.09935561495072,294349.91,167844.51,97831
9917a11f-bcff-9947-37e9-85f56a392820,2001-10-27,,999-60-8568,S99998304,X71622349X,Mr.,Paul232,Santo387,Konopelski743,,,,white,nonhispanic,M,Lawrence  Massachusetts  US,429 Aufderhar Parade Apt 9,Sterling,Massachusetts,Worcester County,,00000,42.4571740474485,-71.733891681176,53223.97,8048.16,26500
f229381e-d40a-fff8-55fe-013a6691c54e,1967-07-01,,999-34-6104,S99995937,X61601291X,Mr.,Harris789,Leroy603,Jacobs452,,,S,white,nonhispanic,M,Everett  Massachusetts  US,814 O'Reilly Mill Unit 73,Plympton,Massachusetts,Plymouth County,,00000,41.97663361430983,-70.79564936530281,133674.11,3464.45,82756
6e1c3018-f51e-00de-fe94-60ae8dc7edfa,1995-12-21,,999-38-2579,S99948877,X21765544X,Mrs.,Denita497,Tonia627,Olson653,,Rodriguez71,M,white,nonhispanic,F,Holyoke  Massachusetts  US,425 Yost Route,Mansfield,Massachusetts,Bristol County,,00000,42.000274158956664,-71.24344668280523,96932.47,457413.48,291205
e63f9885-1efc-a43e-c87a-7e4bb9262d0a,1989-06-18,,999-42-9334,S99972473,X74055225X,Ms.,Antionette825,Liberty95,Runolfsson901,,,S,white,nonhispanic,F,Attleboro  Massachusetts  US,137 Durgan Walk Suite 34,West Yarmouth,Massachusetts,Barnstable County,25001,02673,41.685993603648846,-70.28804329215761,246826.65,381604.44,76394
9ae2ef41-6004-7e78-7001-1fe4da06ec90,2007-04-08,2026-06-18,999-40-4503,S99983538,,Ms.,Kiyoko456,Thu65,Barrows492,,,,white,nonhispanic,F,Middleborough  Massachusetts  US,699 Wehner Heights Suite 86,Norton,Massachusetts,Bristol County,,00000,41.995765618543885,-71.15911953181369,110717.12,0.00,70638
ffd115dd-e3a8-1981-7db7-306b33deefa7,1959-04-16,,999-48-6507,S99927322,X60229560X,Mrs.,Rheba182,,Keebler762,,Gusikowski974,D,white,nonhispanic,F,Acton  Massachusetts  US,825 Nolan Underpass,Worcester,Massachusetts,Worcester County,25027,01608,42.17921607060755,-71.77936380484472,18474.70,974308.91,4412
27145cfb-150a-27e9-dd68-f51b8c7f4329,2025-09-23,,999-79-4003,,,,Alec433,Von197,Stamm704,,,,white,nonhispanic,M,Charlton  Massachusetts  US,816 Goodwin Union,Dedham,Massachusetts,Norfolk County,25021,02090,42.181094294178855,-71.2374743634208,4926.41,0.00,98733
cbf605c1-bca0-7ef3-1cb9-b9fb2fb0891c,1954-09-26,,999-74-2877,S99919558,X49288248X,Mrs.,Thea616,Gerald181,Ferry570,JD,Wyman904,D,white,nonhispanic,F,Boston  Massachusetts  US,1077 Collier Path Suite 81,Boston,Massachusetts,Suffolk County,25025,02129,42.25828845650231,-71.12985163688775,250306.63,883412.96,147555
ad87310a-09ca-2167-d12d-17f3e7c4f437,2007-04-08,,999-92-4731,S99941335,,Ms.,Vernell410,Gerda633,Christiansen251,,,,white,nonhispanic,F,Haverhill  Massachusetts  US,305 Jakubowski Forge,Norton,Massachusetts,Bristol County,,00000,41.94146900984005,-71.1748358768776,229877.75,15586.78,70638
70c962a3-430d-08a6-6211-8e8f6357f88e,2007-01-02,,999-88-9110,S99984570,,Ms.,Ladonna785,Shila857,Hansen121,,,,white,hispanic,F,New Bedford  Massachusetts  US,424 Considine Spur Apt 2,Cambridge,Massachusetts,Middlesex County,25017,02138,42.38664501375197,-71.1528718480114,82170.27,94610.15,146761
abf6144c-7ddb-2559-c3ca-20d07a1b2989,1977-07-09,,999-38-4515,S99942576,X52521672X,Mrs.,Debby656,,McKenzie376,,Bauch723,M,white,nonhispanic,F,New Bedford  Massachusetts  US,630 Stokes Promenade,Agawam,Massachusetts,Hampden County,25013,01030,42.06671317569561,-72.60776373305474,506217.48,95602.97,37682
ef69894f-9cd6-8b9e-1b3c-0f0a71bee58f,1984-08-14,2024-10-12,999-82-9253,S99980415,X89042695X,Mr.,Rupert654,Theo630,McLaughlin530,,,M,white,nonhispanic,M,Yarmouth Port  Massachusetts  US,262 Mraz Branch Suite 13,Avon,Massachusetts,Norfolk County,,00000,42.1725675923511,-71.0276911814909,174083.26,0.00,76288
30b307fa-1137-e5e3-6a4c-ad799ee01cc1,2009-09-26,,999-85-4101,S99932014,,,Jeneva675,Ardelia466,Schimmel440,,,,white,nonhispanic,F,Princeton  Massachusetts  US,607 Wisoky Trail Suite 28,Lowell,Massachusetts,Middlesex County,25017,01854,42.66711928195387,-71.30737427350988,77211.97,11728.78,121818
8acba407-e36b-b38f-1bc3-57bd83578001,1947-01-29,,999-59-8305,S99946143,X98972926X,Mrs.,Lenita591,,Collins926,,Medhurst46,M,white,nonhispanic,F,Westfield  Massachusetts  US,471 Greenholt Crossroad Suite 53,Barnstable,Massachusetts,Barnstable County,25001,02675,41.65406352225548,-70.30076891160257,208855.51,221840.78,159794
23120852-379a-1ee5-c319-776aae980156,1996-06-16,,999-78-7358,S99988164,X28495436X,Mrs.,Tosha401,Marya246,Jenkins714,,Block661,M,white,nonhispanic,F,Revere  Massachusetts  US,665 Brakus Avenue,Lynn,Massachusetts,Essex County,25009,01904,42.462237966121215,-70.93965396292538,7934.54,507664.07,19187
ca721852-6feb-2f5a-0148-a2b027aacbe5,2003-10-18,,999-46-6043,S99996674,X80611848X,Ms.,Ginette140,Minnie888,Kuhn96,,,,white,nonhispanic,F,Springfield  Massachusetts  US,577 Conn Course Apt 70,Dunstable,Massachusetts,Middlesex County,,00000,42.638170074045206,-71.45946837538841,67266.67,50879.25,35514
e811505c-0af3-a64d-8468-25eaa2b78ef8,1984-08-14,,999-75-3529,S99964609,X20426678X,Mr.,Noel608,,Denesik803,,,M,white,nonhispanic,M,Westfield  Massachusetts  US,109 Moore Viaduct,Avon,Massachusetts,Norfolk County,,00000,42.15849053028165,-71.0378095138116,109858.19,0.00,76288
090cee97-17cb-f198-dba5-e68bd66ea36d,2009-10-16,,999-28-6308,S99972046,,,Tana168,Ligia986,Brakus656,,,,black,nonhispanic,F,Shrewsbury  Massachusetts  US,871 Fisher Gate Unit 76,Amesbury,Massachusetts,Essex County,25009,01913,42.88191699658403,-70.90988740127894,51195.60,6266.57,118712
43b96852-42d0-22ee-8dd2-e843ffa175d6,2003-10-24,,999-28-7559,S99977774,X67964887X,Mr.,Bernardo699,Gilberto712,Romero158,,,,white,hispanic,M,Kingston  Kingston  JM,332 Macejkovic Stravenue Unit 86,Haverhill,Massachusetts,Essex County,25009,01835,42.81063258204787,-71.16359920109848,56040.46,16960.03,79891
325671f4-c204-232f-a0e0-8c3c6fbcc926,1964-02-14,,999-61-5917,S99939141,X57041110X,Mrs.,Delsie188,Eleanor470,Murazik203,,Becker968,M,asian,nonhispanic,F,Daegu  Daegu  KR,1007 Lebsack Wall Unit 11,Chelmsford,Massachusetts,Middlesex County,,00000,42.593839012507985,-71.34450952327934,938185.96,439743.12,102442
14c285c2-3bd4-e154-59ff-a61a37e1fbf2,2002-03-02,,999-41-9002,S99993329,X85941057X,Ms.,Alexandria361,Pearlie554,McKenzie376,,,,white,nonhispanic,F,Franklin  Massachusetts  US,879 Smith Wynd Apt 35,Attleboro,Massachusetts,Bristol County,25005,02703,41.92969774142298,-71.33535394913969,62599.93,131735.04,70952
6c5cfa88-e595-da81-0f02-d6f23dd36137,2010-12-07,,999-12-5414,,,,Marg761,Launa267,Auer97,,,,white,nonhispanic,F,Boston  Massachusetts  US,230 Muller Well Suite 74,Framingham,Massachusetts,Middlesex County,25017,01701,42.297947160793925,-71.42780876755695,4956.52,50476.55,13871
16a3f744-a804-8d36-7e26-198d81bb8781,1965-12-26,,999-62-6912,S99941064,X36348771X,Mrs.,Daria61,,Walsh511,,Jacobs452,D,white,nonhispanic,F,Hatfield  Massachusetts  US,425 Grady Trace Unit 63,Mansfield,Massachusetts,Bristol County,,00000,42.01956512942793,-71.2282132596607,398559.30,889904.09,150734
8090e7a5-2560-6c4e-0f10-ab9b544bbfad,1996-11-04,,999-31-2405,S99926153,X91851919X,Mr.,Rick943,Sterling124,Hauck852,,,M,white,nonhispanic,M,Fiskdale  Massachusetts  US,609 Glover Branch,Framingham,Massachusetts,Middlesex County,25017,01702,42.27501069670933,-71.48096482651326,82903.66,4068.05,68188
079614f4-526c-c3eb-a0ef-3ad3d1191236,2005-09-19,2010-11-24,999-40-7550,,,,Lionel365,Zachary28,Lockman863,,,,white,nonhispanic,M,Worcester  Massachusetts  US,171 O'Connell Bypass Apt 76,Amherst Center,Massachusetts,Hampshire County,,00000,42.38353785649535,-72.52145196817123,23996.13,14870.70,250398
945e898e-94a3-6c37-9985-6d0c155b5735,2012-02-18,,999-76-7318,,,,Chance908,Chi716,Dicki44,,,,white,nonhispanic,M,Dartmouth  Massachusetts  US,159 West Corner,Worcester,Massachusetts,Worcester County,25027,01602,42.260780089268565,-71.81107930683324,55081.14,223025.07,85663
4942a004-733a-03a8-202a-6b9a1cb1c5cc,1950-05-05,2019-07-17,999-87-2934,S99966052,X36584810X,Mrs.,Darci883,,Cruickshank494,,Howell947,M,white,hispanic,F,Somerville  Massachusetts  US,492 Pfannerstill Forge,Somerville,Massachusetts,Middlesex County,25017,02140,42.42873503730006,-71.09211970642028,64913.46,1946173.69,9614
9449e413-f51f-bbec-cb13-02c9ee105ba8,2019-03-01,,999-10-1190,,,,Ross213,Fritz267,Labadie908,,,,white,nonhispanic,M,Southwick  Massachusetts  US,292 Watsica Fork,Northampton,Massachusetts,Hampshire County,25015,01060,42.33545170203397,-72.6254654280415,1249.74,19262.26,22486
2490301d-8170-5efc-be68-09f2ab2d448f,1946-08-11,,999-52-2876,S99995513,X62268155X,Ms.,Wan724,Brittney657,Hane680,,,S,white,nonhispanic,F,Easton  Massachusetts  US,175 Streich Brook,Dennis Port,Massachusetts,Barnstable County,25001,02639,41.6820610820183,-70.10810326230478,381683.21,1461249.63,143062
eb75e840-447f-3015-1944-ae29681b68b0,2005-09-19,,999-92-5952,S99947828,X62585636X,Mr.,Gaston250,Loyd638,Shanahan202,,,,white,nonhispanic,M,Topsfield  Massachusetts  US,555 Tremblay Mission Apt 14,Amherst Center,Massachusetts,Hampshire County,,00000,42.373361697279385,-72.47713664659504,36038.81,49314.28,250398
22435f9e-da46-d46c-d8f4-9bd8e70cdf4f,2007-05-08,,999-84-5293,S99988573,,Ms.,Iona921,Marybelle759,Mitchell808,,,,white,nonhispanic,F,Woburn  Massachusetts  US,269 Dickens Rapid Suite 53,Lowell,Massachusetts,Middlesex County,25017,01850,42.685792881264895,-71.2761252299371,3903.95,109589.82,18647
3252ac1c-1ea7-b9c5-3bd6-12b3f1c442c8,1958-12-12,,999-74-5948,S99916053,X87744350X,Mr.,Claudio955,Patricio639,García15,,,D,white,hispanic,M,Bayamon  Puerto Rico  PR,252 Weber Highlands Suite 29,Boston,Massachusetts,Suffolk County,25025,02125,42.3498927951935,-71.076359213324,272245.92,789063.89,90694
056a9b60-043b-59f4-e416-e1bd18751a52,2013-12-22,,999-11-1977,,,,Johnathon489,Louis204,Bechtelar572,,,,white,nonhispanic,M,Barnstable  Massachusetts  US,692 Schultz Approach,Southbridge,Massachusetts,Worcester County,25027,01550,42.10787155292464,-71.99786308949575,2050.00,24154.81,24353
612ffcac-54e2-1dfb-64b5-30516126fbfa,2011-04-02,,999-69-1457,,,,Alane21,Alexandria361,Davis923,,,,white,nonhispanic,F,Norwood  Massachusetts  US,135 Torp Landing Apt 38,Dalton,Massachusetts,Berkshire County,,00000,42.47406264608055,-73.13469054876208,35782.43,5935.85,56278
8bcc2b3c-df47-a461-cd69-e483ab4d13f4,1999-03-17,,999-21-3815,S99930306,X32166979X,Ms.,Doria135,Mozell819,Roberts511,,,,asian,nonhispanic,F,Bedford  Massachusetts  US,117 Larson Knoll,Boston,Massachusetts,Suffolk County,25025,02124,42.39479424405788,-71.04241975077476,66207.07,170674.55,101233
fb6e8b94-ed97-0f0a-7e09-36a42d5ca8c6,1924-01-18,,999-61-6188,S99950079,X72638840X,Mrs.,Stefania815,,Walsh511,,Keebler762,D,white,nonhispanic,F,Hardwick  Massachusetts  US,488 Labadie Parade Apt 57,Acton,Massachusetts,Middlesex County,,00000,42.453886217438296,-71.4037364187404,229229.14,556733.01,156685
ca2d6b93-9a48-a9f4-d6f5-ba08ebef0f7a,1964-03-16,,999-50-3310,S99968291,X37786643X,Mrs.,Shanna635,,Leffler128,,Quigley282,M,white,nonhispanic,F,Agawam  Massachusetts  US,165 Goodwin Extension,Acushnet,Massachusetts,Bristol County,,00000,41.74294425497281,-70.88808321770436,186148.62,719021.13,472641
64cc597f-de2d-b26f-a303-8b8beda99395,1951-01-21,2022-08-06,999-84-6351,S99920801,X15629200X,Mr.,Joaquín233,Francisco472,Sosa986,,,D,other,hispanic,M,San Juan  Puerto Rico  PR,300 Block Divide,Haverhill,Massachusetts,Essex County,25009,01835,42.783290836922085,-71.04819368309394,102487.67,290977.58,25653
3005c65e-48c7-0228-7a72-b8a980eff8d9,2022-05-16,,999-20-9709,,,,Cleopatra935,Lena684,Pfeffer420,,,,white,nonhispanic,F,Newton  Massachusetts  US,319 Larson Quay Unit 24,Haverhill,Massachusetts,Essex County,25009,01832,42.74860603279594,-71.08940684547541,6748.60,6997.19,71961
0f981266-e8de-ee6a-55e5-5bcc55ccd984,1978-06-17,,999-60-6999,S99988305,X07907441X,Mrs.,Susannah249,,Gutkowski940,,Erdman779,M,white,nonhispanic,F,Amesbury  Massachusetts  US,109 Schinner Tunnel,Falmouth,Massachusetts,Barnstable County,25001,02540,41.548222736523755,-70.56619937312414,210113.44,508752.66,153983
19be3469-c08f-ee80-dc60-8a129b3b9df0,1950-05-05,,999-36-1716,S99943140,X64699685X,Mrs.,Gregory545,Tomeka87,Kris249,,Lang846,D,white,hispanic,F,Falmouth  Massachusetts  US,601 Abernathy Wynd Suite 13,Somerville,Massachusetts,Middlesex County,25017,02155,42.41364391812048,-71.16807657933104,17299.66,924730.89,9614
92f6690c-a399-5e05-fd43-ac685f0749ff,1977-09-21,,999-61-8954,S99969083,X32487150X,Mrs.,Ai120,,Wintheiser220,,King743,M,hawaiian,nonhispanic,F,Stoughton  Massachusetts  US,576 Rice Bay Suite 68,Attleboro,Massachusetts,Bristol County,44007,02861,41.924154031813124,-71.26261282137642,187262.29,1009974.27,182178
5abc2fab-6fea-63b8-a47c-cbb766949777,1999-11-17,,999-32-4993,S99913231,X31508930X,Mr.,Cristobal567,Lonny638,Bergnaum523,,,,white,nonhispanic,M,Chelmsford  Massachusetts  US,661 Wuckert Frontage road,Framingham,Massachusetts,Middlesex County,25017,01701,42.288842082288035,-71.47605385928941,52735.44,24398.47,105462
6f353dad-c5cc-3cdd-87af-fe7eca4dc35b,1946-08-08,2015-05-12,999-20-4852,S99983462,X79225976X,Ms.,Laurine214,Catherina275,Sawayn19,,,S,white,nonhispanic,F,Somerville  Massachusetts  US,1035 Johnson Path,Bolton,Massachusetts,Worcester County,,00000,42.452079620558614,-71.61429070220271,190821.66,997839.72,24699
6c0a4142-4bc6-b566-3a43-75220dd60cdd,2000-05-15,,999-89-6724,S99958524,X69038731X,Mr.,Dana512,Keven605,Lebsack687,,,,white,hispanic,M,Seekonk  Massachusetts  US,546 Murphy Manor,Boston,Massachusetts,Suffolk County,25025,02122,42.31526524011416,-71.12323554472748,47642.01,17283.36,118702
6b3e2962-5d6f-9834-dca9-124c141da82e,1961-03-28,,999-70-2198,S99988106,X41975565X,Mr.,Roscoe437,,Gerhold939,,,S,white,nonhispanic,M,Boston  Massachusetts  US,933 Kerluke Boulevard,Middleborough,Massachusetts,Plymouth County,,00000,41.873995940844395,-70.89614126624473,167001.74,627952.56,165232
89f1d07d-f019-a9b4-81a5-1b1f2a54c72f,1951-01-21,,999-75-2224,S99963964,X11282060X,Mr.,Benjamín452,,Nieves278,,,S,other,hispanic,M,Salisbury  Saint Joseph Parish  DM,789 Durgan Drive Unit 49,Haverhill,Massachusetts,Essex County,25009,01830,42.70544714754058,-71.11049684827665,105166.02,162829.52,25653
f5fdcc11-c4fc-94a8-4595-35c3b3961760,1993-12-20,,999-48-2383,S99981702,X05032558X,Mrs.,Kenneth671,Kallie862,Orn563,,Jakubowski832,M,white,nonhispanic,F,Wilmington  Massachusetts  US,287 Dare Pathway,Randolph,Massachusetts,Norfolk County,25021,02368,42.175152335354696,-71.0721898058997,149462.98,204726.73,108327
df771c08-f821-7836-f194-6e19bced93d0,2008-06-10,,999-42-4708,S99928892,,Ms.,Magdalena964,Luisa710,Estévez304,,,,black,hispanic,F,San Jose  San Jose  CR,708 Russel Fort Apt 81,Boston,Massachusetts,Suffolk County,25025,02109,42.32334061917637,-71.11275061568625,68508.22,22640.06,34390
f45ba14c-644d-c1fb-1239-fee274e0abb5,1946-08-08,1997-10-07,999-44-8109,S99926126,X44645705X,Ms.,Sheena120,,Wilkinson796,,,S,white,nonhispanic,F,Cordaville  Massachusetts  US,295 Jaskolski Stravenue,Bolton,Massachusetts,Worcester County,,00000,42.46375323572682,-71.63076794201328,75915.92,242048.48,24699
ca3d0b16-2bc0-6445-47c2-0e23c16ad9e8,1996-10-23,,999-41-2637,S99928107,X01554789X,Mr.,Tyrone215,Joel444,Flatley871,,,M,hawaiian,nonhispanic,M,Shelburne Falls  Massachusetts  US,139 Schultz Pathway,New Bedford,Massachusetts,Bristol County,25005,02745,41.58752150669505,-70.97800376565722,23275.44,49016.92,40909
cb1678fa-98d5-1d6b-ee5b-94a8fffb5040,1948-12-16,1990-01-14,999-20-5984,S99963707,X65199231X,Mrs.,Dorthy94,Halina47,Pagac496,,Mante251,M,white,nonhispanic,F,Merrimac  Massachusetts  US,837 Leuschke Haven,Quincy,Massachusetts,Norfolk County,25021,02170,42.19594397530111,-71.12906346266229,12110.54,615359.85,10684
1a027f1e-d69b-3cfe-c18b-d672be798293,1965-05-24,,999-66-2718,S99960380,X04302036X,Mrs.,Carri827,Linnea167,Hegmann834,,Walsh511,M,asian,nonhispanic,F,Boston  Massachusetts  US,1076 Wunsch Alley Unit 71,Stoughton,Massachusetts,Norfolk County,,00000,42.09201347832805,-71.11966215142006,11155.60,330978.48,14704
87f7dc1d-9754-80ba-b500-9a3dd23500c5,1974-07-13,,999-59-7191,S99919009,X32570685X,Mr.,Lenard338,,Stark857,,,M,white,nonhispanic,M,Lawrence  Massachusetts  US,151 Rowe Light,Melrose,Massachusetts,Middlesex County,25017,02176,42.500546485763756,-71.09126584534835,107795.75,15553.22,199821
c1b6697e-6cc1-ea0f-8217-e9eb78896401,1993-07-04,,999-50-3811,S99981754,X32576911X,Mr.,Kelvin159,,Dibbert990,,,M,white,hispanic,M,Somerville  Massachusetts  US,609 Paucek Gardens Suite 75,Arlington,Massachusetts,Middlesex County,25017,02476,42.46537649931048,-71.11334205900913,73026.81,8915.48,162849
09bd9138-62ed-8a32-012d-b8838b4a2afd,2023-05-03,,999-74-2101,,,,Eda506,,Nienow652,,,,white,nonhispanic,F,Holyoke  Massachusetts  US,829 Witting Mission,Boston,Massachusetts,Suffolk County,25025,02210,42.27541259267453,-71.12240757194671,400.00,11107.77,2426
cdce0a18-72a2-124e-448f-ea24077ebb03,1965-08-26,,999-19-9444,S99983885,X07113654X,Ms.,Madalyn472,Anne636,Waelchi213,,,S,black,nonhispanic,F,Williamstown  Massachusetts  US,141 Rosenbaum Green Unit 73,North Scituate,Massachusetts,Plymouth County,25023,02060,42.192689046480325,-70.74148894976565,991285.28,573630.94,47167
3c4404e5-2adb-77fb-0fbc-a3cf7bb4179f,1953-05-24,,999-91-4059,S99916939,X51302477X,Mr.,Dino214,Bennett146,Mueller846,,,S,asian,nonhispanic,M,Dedham  Massachusetts  US,348 Hayes Highlands Unit 96,Acton,Massachusetts,Middlesex County,,00000,42.48652031315882,-71.43154363735567,164964.52,758008.33,634691
75091519-c355-bbce-3a72-3411beb3fa1a,1982-11-15,,999-52-7294,S99974843,X50783450X,Mr.,Ezra452,Eloy929,Renner328,,,M,white,nonhispanic,M,Ludlow  Massachusetts  US,848 Schmidt Way Suite 13,Northborough,Massachusetts,Worcester County,25027,01532,42.31673503066011,-71.63882721011551,77138.44,743.89,105471
1937dc8b-92c6-408d-ed95-ed2c384446a2,1946-08-08,2010-05-22,999-25-7564,S99925855,X20856152X,Mrs.,Domitila545,,Marks830,,Jacobs452,M,white,nonhispanic,F,Boston  Massachusetts  US,828 Lakin Stravenue Unit 66,Bolton,Massachusetts,Worcester County,,00000,42.44501710513041,-71.6339495045932,170675.39,1313115.37,24699
8b5e41f4-b0fc-b17c-29c6-aeedfb6da579,1954-04-10,,999-35-9050,S99929768,X21790854X,Mrs.,Lyndsay952,Lean294,Kerluke267,,Ratke343,M,white,nonhispanic,F,West Bridgewater  Massachusetts  US,757 Abshire Ferry Suite 6,Sandwich,Massachusetts,Barnstable County,25001,02563,41.74491548109251,-70.52700673527096,27832.80,1782191.80,99572
886f95a7-0039-135a-068f-ee2d26ffb41b,1967-08-05,,999-18-5917,S99940690,X13305335X,Mr.,Dee580,Hal307,Kulas532,,,W,white,nonhispanic,M,Springfield  Massachusetts  US,469 Hettinger Orchard,Quincy,Massachusetts,Norfolk County,25021,02171,42.25529349039895,-71.06481242684465,161255.73,62781.84,97619
23109158-88fc-f2b7-0cb7-4b18d4865397,1948-12-16,,999-45-7595,S99965156,X99649400X,Mrs.,Hanna456,Celsa248,Bartell116,,Mraz590,W,white,nonhispanic,F,Falmouth  Massachusetts  US,596 Dietrich Overpass,Quincy,Massachusetts,Norfolk County,25021,02169,42.24164889771152,-71.02297854301592,21291.73,1165203.45,10684
c5fd9ab5-2cfd-a415-bb2d-5c5628ccaf72,1963-11-05,,999-80-1063,S99984982,X66969121X,Mrs.,Clora637,Roselyn270,Abernathy524,,Wunsch504,M,asian,nonhispanic,F,Falmouth  Massachusetts  US,882 Weimann Station Unit 55,Bellingham,Massachusetts,Norfolk County,25021,02019,42.08800455360473,-71.5064976753771,340946.23,1051307.14,133850
cadad08a-3ddc-da9d-2717-af987b130c21,2017-11-03,,999-10-4075,,,,Ronni748,Mardell937,Schinner682,,,,white,nonhispanic,F,Sherborn  Massachusetts  US,188 Labadie Trace,Marlborough,Massachusetts,Middlesex County,25017,01752,42.39239924355154,-71.53033607124995,7550.06,42668.88,47586
7d4e9f28-6f5a-edb5-2778-cecd6efc4e9a,1993-06-03,2021-09-23,999-87-1492,S99928838,X01811183X,Mr.,Mohamed943,Juan88,Metz686,,,M,white,nonhispanic,M,North Eastham  Massachusetts  US,683 Murphy Trafficway,Fall River,Massachusetts,Bristol County,25005,02790,41.6190647121508,-70.98620556116254,75228.71,311643.99,23362
93becfc1-8e09-208a-80b7-901ad4a7c201,2016-05-21,,999-19-9231,,,,Brooks264,Elwood28,Johnston597,,,,white,nonhispanic,M,Ashland  Massachusetts  US,680 Bashirian Manor,Leominster,Massachusetts,Worcester County,25027,01420,42.49701328549464,-71.7356715116295,23459.83,4867.15,45827
7d7c30ae-3ed3-f953-824b-42a0c05524ea,1993-06-03,,999-26-9165,S99994366,X35631225X,Mr.,Jeremiah751,Jerry654,Runolfsdottir785,,,S,white,nonhispanic,M,Malden  Massachusetts  US,493 Paucek Vista,Fall River,Massachusetts,Bristol County,25005,02724,41.687787657820984,-71.06136300595342,10706.69,54109.41,23362
18be1d40-4912-e821-68ac-65faefa3cdc1,2015-02-18,,999-64-6064,,,,Dot905,,Kuhn96,,,,asian,hispanic,F,Braintree  Massachusetts  US,924 Becker Port Apt 12,Haverhill,Massachusetts,Essex County,25009,01835,42.72432601908491,-71.1117864104997,28641.53,0.00,47790
74793763-7806-d616-cb45-f79b22dd4702,1978-03-07,,999-60-3092,S99937785,X96608938X,Mr.,Julian715,Ian270,Williamson769,,,M,black,nonhispanic,M,Fall River  Massachusetts  US,1028 Schroeder Overpass,Framingham,Massachusetts,Middlesex County,25017,01701,42.24496030247696,-71.48047999901134,139764.65,650058.40,938744
cf168c71-c938-1e27-4a21-71e15e63a392,1946-08-08,,999-39-4037,S99980037,X18532615X,Mrs.,Dorthea49,Maren639,Stoltenberg489,,Robel940,M,white,nonhispanic,F,Lawrence  Massachusetts  US,501 Willms Crossing,Bolton,Massachusetts,Worcester County,,00000,42.442886837872,-71.61438938126629,202839.20,905139.19,24699
e6043ba3-afa5-17e2-adb6-0b1b9adf6c96,1979-12-16,,999-64-1429,S99982181,X02629957X,Mr.,Waylon572,Elmo857,Lehner980,,,S,white,nonhispanic,M,Sharon  Massachusetts  US,901 Tromp Divide,Holliston,Massachusetts,Middlesex County,,00000,42.235883587855,-71.4148822896877,63638.23,763451.47,146065
b16908f8-ed34-f1e5-ae49-8fa482b0ef1d,1994-01-31,,999-88-2985,S99954644,X98238294X,Mr.,Humberto482,,Kohler843,,,S,white,nonhispanic,M,Frankfurt  Hesse  DE,748 Rippin Track Suite 34,Boston,Massachusetts,Suffolk County,25025,02113,42.31486348596342,-71.08269866470127,56540.66,64438.82,195304
8322f0be-bd10-ef22-d5cf-b09b8e39c5f8,2009-08-31,,999-27-8206,S99910438,,,Cierra898,Ophelia894,Wintheiser220,,,,white,nonhispanic,F,Quincy  Massachusetts  US,797 Fisher Camp Unit 81,Lynn,Massachusetts,Essex County,25009,01901,42.47266251937891,-70.99617175971153,62406.20,18448.43,33541
d31fc625-4b53-e243-322d-8da9cf7260e7,1979-10-03,,999-23-7656,S99978720,X55322398X,Mr.,Alexander630,,Kassulke119,,,S,white,nonhispanic,M,Mansfield Center  Massachusetts  US,813 Rath Stravenue,Saugus,Massachusetts,Essex County,25009,01906,42.475322281845116,-71.06272248065832,99565.36,31761.62,902392
5dfaf183-aff9-c886-72ef-492c34861077,1921-09-20,2006-11-02,999-86-7466,S99940483,X30241154X,Mr.,Pierre431,Devin82,Jones311,,,M,white,nonhispanic,M,Chelsea  Massachusetts  US,374 Sporer Common,South Yarmouth,Massachusetts,Barnstable County,25001,02664,41.64219093509119,-70.19437114268176,223365.38,403683.68,79951
8bec5304-f323-b11e-3ae7-c81492d20ec7,1945-01-30,,999-94-3314,S99929410,X36965732X,Mrs.,Blanca837,Mariana775,Córdova800,,Figueroa648,M,white,hispanic,F,Portsmouth  Saint John Parish  DM,716 Jakubowski Arcade,Winchendon,Massachusetts,Worcester County,25027,01475,42.69575394843503,-72.07259541803023,821047.68,342159.19,94798
35565fdb-4add-bb2f-2850-8ce6843cd98b,1983-08-06,,999-28-6639,S99968812,X69313949X,Mr.,Cristian531,Bernardo699,Saavedra625,,,M,white,hispanic,M,Portsmouth  Saint John Parish  DM,308 Bahringer Overpass Suite 78,Brimfield,Massachusetts,Hampden County,,00000,42.08007148815267,-72.22762424503841,65300.18,45842.88,121180
7b8ff835-d7b7-5ddd-306c-5a1109fb6b70,1962-05-07,,999-32-4629,S99911165,X14933739X,Mrs.,Lori426,Tamra871,Emard19,,Jacobs452,D,white,nonhispanic,F,Westfield  Massachusetts  US,749 Fadel Boulevard Unit 48,Plymouth,Massachusetts,Plymouth County,25023,02360,41.841047747238854,-70.62483780203037,168216.20,670516.01,24806
6db2f5b7-c787-117e-dbfd-418c28cc5474,1921-09-20,2013-10-01,999-22-4736,S99977261,X09950233X,Mr.,Elden718,Ben667,Hand679,,,M,white,nonhispanic,M,Billerica  Massachusetts  US,591 Kuhlman Ramp,South Yarmouth,Massachusetts,Barnstable County,25001,02664,41.66468399044438,-70.22391601900301,186082.90,117168.69,79951
10231522-7925-43d2-2064-bb5f917c87ee,1921-09-20,2018-04-05,999-11-3118,S99992359,X73504495X,Mr.,Mitch821,Modesto621,Sanford861,,,M,white,nonhispanic,M,Lynnfield  Massachusetts  US,186 Denesik Parade Apt 24,South Yarmouth,Massachusetts,Barnstable County,25001,02664,41.627701000297314,-70.15168334681842,277382.08,1398450.84,79951
a6b49352-759a-1fa6-d169-3f8dd7471305,1921-09-20,2000-02-03,999-63-1132,S99961611,X62857670X,Mr.,Melvin857,Wayne846,Volkman526,,,D,white,nonhispanic,M,Arlington  Massachusetts  US,1068 Becker Glen Unit 10,South Yarmouth,Massachusetts,Barnstable County,25001,02664,41.69382697679157,-70.20942576840697,224142.24,618312.78,79951
442ebd8e-172d-cb21-83af-1dbf1af8a54a,1921-09-20,1986-12-15,999-93-4769,S99990018,X35295853X,Mr.,Hector463,,Hartmann983,,,D,white,nonhispanic,M,Ashland  Massachusetts  US,339 Connelly Mews,South Yarmouth,Massachusetts,Barnstable County,25001,02664,41.62483154120203,-70.1918728965873,120801.75,775729.87,79951
6585a663-3883-578a-0689-caa918d9d857,1921-09-20,1986-02-23,999-17-3400,S99960182,X01616294X,Mr.,Tod265,Cody889,Doyle959,,,M,white,nonhispanic,M,Hingham  Massachusetts  US,551 Williamson Vale,South Yarmouth,Massachusetts,Barnstable County,25001,02664,41.637518419993725,-70.17978936712008,773692.06,377262.92,79951
a7b60343-c11d-417e-6d15-520ef32cb30b,1921-09-20,1980-05-20,999-52-5883,S99989547,X65387441X,Mr.,Darrell400,Pasquale620,Farrell962,,,S,white,nonhispanic,M,Waltham  Massachusetts  US,258 Franecki Haven,South Yarmouth,Massachusetts,Barnstable County,25001,02664,41.714434271925974,-70.21815785773944,208221.16,20181.12,79951
8a3c52e9-28d6-4e28-e47b-e92934ea3aed,1921-09-20,,999-57-6944,S99975491,X04312284X,Mr.,Hugh686,Isreal8,Grady603,,,M,white,nonhispanic,M,Salem  Massachusetts  US,924 Mertz Track,South Yarmouth,Massachusetts,Barnstable County,25001,02664,41.654617038974216,-70.2271372830031,210765.42,409308.49,79951
